"Rank","Name","Symbol","marketcap","price (USD)","country"
"1","RTX","RTX","248432246784","184.33","United States"
"2","Safran","SAF.PA","153362295006","370.104","France"
"3","Lockheed Martin","LMT","116925521920","506.63","United States"
"4","General Dynamics","GD","89749225472","331.72","United States"
"5","BAE Systems","BA.L","74852460621","25.5722","United Kingdom"
"6","Honeywell","HON","67869532160","214.14","United States"
"7","Northrop Grumman","NOC","67637624832","476.11","United States"
"8","Thales","HO.PA","52343355056","254.517","France"
"9","Rheinmetall","RHM.F","51460037545","1102.68","Germany"
"10","Honeywell Aerospace","HONA","49362219008","155.74","United States"
"11","L3Harris Technologies","LHX","44110520320","236.88","United States"
"12","China State Shipbuilding Corporation (CSSC)","600150.SS","43958856187","5.84123","China"
"13","Aselsan","ASELS.IS","34457061672","7.55637","Turkey"
"14","SAAB AB","SAAB-B.ST","33531669727","62.2514","Sweden"
"15","Elbit Systems","ESLT","33242916864","709.37","Israel"
"16","Hindustan Aeronautics","HAL.NS","33153320686","49.5732","India"
"17","Leonardo","LDO.MI","31263957997","54.2027","Italy"
"18","Bharat Electronics","BEL.NS","29318815572","4.0109","India"
"19","Kongsberg Gruppen","KOG.OL","28344527308","32.224","Norway"
"20","China National Nuclear Power","601985.SS","27869338805","1.35499","China"
"21","Dassault Aviation","AM.PA","24936003349","323.645","France"
"22","AVIC Shenyang Aircraft Company Limited","600760.SS","18477991196","6.51797","China"
"23","CSG N.V. (The Czechoslovak Group)","CSG.AS","16467287674","16.4673","Czech Republic"
"24","Indra Sistemas","IDR.MC","11729364529","67.0183","Spain"
"25","LIG Defense & Aerospace","079550.KS","11545255199","528.502","South Korea"
"26","Hanwha Systems","272210.KS","11358063682","60.7405","South Korea"
"27","Hensoldt","HAG.F","10936919982","94.692","Germany"
"28","Huntington Ingalls Industries","HII","10500538368","266.48","United States"
"29","Leonardo DRS","DRS","9768228864","36.6","United States"
"30","Kratos Defense &amp; Security Solutions","KTOS","7879589888","42.02","United States"
"31","NextVision Stabilized Systems","NXSN.TA","7406499627","80.0315","Israel"
"32","AeroVironment","AVAV","7079324160","139.3","United States"
"33","TKMS","TKMS.DE","5752842640","90.5622","Germany"
"34","Mercury Systems","MRCY","5048025600","82.94","United States"
"35","VSE Corporation","VSEC","4718563840","168.13","United States"
"36","Bharat Dynamics","BDL.NS","4216039293","11.5016","India"
"37","QinetiQ","QQ.L","3206419469","6.28595","United Kingdom"
"38","V2X","VVX","2221445632","70.87","United States"
"39","Applied Aerospace &amp; Defense","AADX","1984249472","11.51","United States"
"40","Voyager Technologies","VOYG","1843077632","30.2","United States"
"41","Lyntris Inc.","LYNX","1455164800","12.55","United States"
"42","H&amp;K AG (Heckler &amp; Koch)","MLHK.PA","1298102011","36.584","Germany"
"43","DroneShield","DRO.AX","1125631124","1.21645","Australia"
"44","MilDef Group","MILDEF.ST","1085023342","23.0391","Sweden"
"45","AEVEX Corp.","AVEX","1033120320","14.93","United States"
"46","Vincorion SE","V1NC.DE","1019806938","20.3961","Germany"
"47","Red Cat Holdings","RCAT","968972608","6.345","United States"
"48","Avon Protection","AVON.L","734451116","24.9375","United Kingdom"
"49","Sturm, Ruger &amp; Co","RGR","709594368","44.41","United States"
"50","The Elmet Group","ELMT","648482752","21.29","United States"
"51","Snt Dynamics","003570.KS","567577051","22.7777","South Korea"
"52","Lubawa","LBW.WA","448457989","2.98435","Poland"
"53","TAT Technologies","TATT","430238304","33.1","Israel"
"54","Gabler Group AG","XK4.F","274290224","45.3372","Germany"
"55","Outdoor Holding Company","POWW","259976480","2.24","United States"
"56","Swarmer","SWMR","224131824","15.68","United States"
"57","AIRO Group Holdings","AIRO","204797888","6.49","United States"
"58","Merlin, Inc.","MRLN","158676432","1.57","United States"
"59","NSE SA","ALNSE.PA","142375169","43.205","France"
"60","First Breach Inc.","FBDT","55776200","1","United States"
"61","VEEM Ltd","VEE.AX","53707506","0.365981","Australia"
"62","W5 Solutions AB","W5.ST","47752511","2.44143","Sweden"
